{"cameraMode":{"drawMode":0,"name":"Shaded","section":"Shading Mode"},"sceneLighting":true,"audioPlay":false,"sceneViewState":{"showFog":true,"showMaterialUpdate":true,"showSkybox":false,"showFlares":true,"showImageEffects":true,"showParticleSystems":true},"in2DMode":false,"pivot":{"x":1.8638479709625245,"y":-1.2786943912506104,"z":0.09247151017189026},"rotation":{"x":0.36593174934387209,"y":0.09771689027547836,"z":-0.038761455565690997,"w":0.924755334854126},"size":4.977630138397217,"orthographic":false}